{
  "lang":"id",
  "name":"pipeline",
  "version":"0.0.0",
  "spacy_version":">=3.8.6,<3.9.0",
  "description":"",
  "author":"",
  "email":"",
  "url":"",
  "license":"",
  "spacy_git_version":"911539e",
  "vectors":{
    "width":0,
    "vectors":0,
    "keys":0,
    "name":null,
    "mode":"default"
  },
  "labels":{
    "ner":[
      "LOCATION",
      "ORGANIZATION",
      "PERSON",
      "QUANTITY",
      "TIME"
    ]
  },
  "pipeline":[
    "ner"
  ],
  "components":[
    "ner"
  ],
  "disabled":[

  ]
}